claim_id,file_path,start_offset,end_offset,sentence,context_left,context_right
0d8699eb52b697b4a6694bff75a3cfb044c2f87a,",Antiepileptogenesis and disease modification- Progress, challenges, and the path forward.txt",21049,21115,"a brain insult, such as a TBI, would be of significant clinical",opment of epilepsy after   GALANOPOULOU et AL.    ,"value, the vast majority of patients present with "
0a37fa59b21ebca459802a85fb65f13457ecd408,",Antiepileptogenesis and disease modification- Progress, challenges, and the path forward.txt",23379,23447,"epilepsy  is  associated  with  significant  morbidity,  including","  than  30%  of  patients.35,36  Drug- resistant  ","decreased  quality  of  life,  increased  injury  "
a972abc2d401886ce173fdf97120cff1c1931ea5,",Antiepileptogenesis and disease modification- Progress, challenges, and the path forward.txt",24961,24988,are significantly improved.,"uding psychiatric comorbidities and death rates,  ","43- 51 Unfortunately, less than 5%  of patients wi"
0de192732368145365a74de119f54f1e1cfc20a9,",Antiepileptogenesis and disease modification- Progress, challenges, and the path forward.txt",32551,32613,most need of gene replacement can be a significant technical,ne  replacement  machinery  into  the  cells  in  ,"challenge.  For  SMA,  the  lower  motor  neurons "
34bf7ec1c4d4279d47e7c6d198812f247b08ace3,",Antiepileptogenesis and disease modification- Progress, challenges, and the path forward.txt",38181,38227,ease and significantly alleviate the symptoms.,arch for drugs that may favorably modify the dis- ," The intention of  current research, however, is t"
e2f9c39636bc1efa0e8a0f4d6d3553658123a8d1,",Antiepileptogenesis and disease modification- Progress, challenges, and the path forward.txt",69447,69511,"cannot fully predict safety or tolerability in humans,122 they","ena.86,87,125- 133  Even  though  animal  models  ",have offered insights toward potential mechanisms 
ac18449ce45465cb696beb1b90a8a5918bb0af59,",Antiepileptogenesis and disease modification- Progress, challenges, and the path forward.txt",85615,85681,Despite  the  significant  progress  in  epilepsy  research  and,and  their  comorbidities.  6   |  CONCLU S IONS  ,"therapeutics,  there  is  an  urgent  need  to  id"
eb9ca072e829615499d4095661d683bf19d5ef2a,",Antiepileptogenesis and disease modification- Progress, challenges, and the path forward.txt",86334,86352,A  significant,un- derlying  epileptogenesis  and  comorbidities.,gap is the difficulty in translating and validatin
c1d165b066c878655465d215bc4a3fc50d6840ab,"Areas of research priorities in epilepsy- A position paper of the European Reference Network for Rare and Complex Epilepsies, EpiCARE.txt",6628,6688,"significant  health  challenges,  including  an  increased",roductivity. Individuals with epilepsy also face  ,risk of premature death from sudden unexpected dea
78d525b772d63f882f9212e8df7f34d7ead45023,"Areas of research priorities in epilepsy- A position paper of the European Reference Network for Rare and Complex Epilepsies, EpiCARE.txt",7015,7072,"Despite  significant  advances  in  epilepsy  research,",ities and barriers to accessing  effective care.  ,critical  gaps  remain.  While  a  large  number  
1cf948c1ca87f5aecd5556188bc99a10949f4e21,"Areas of research priorities in epilepsy- A position paper of the European Reference Network for Rare and Complex Epilepsies, EpiCARE.txt",14303,14362,"everolimus, for the treatment of seizures associated with","e example is the use of mTOR inhibitors, such as  ",tuberous  sclerosis  complex  (TSC).  Earlier  int
d2564247f3700eae2b676ffbfd0d00026b75e20a,"Areas of research priorities in epilepsy- A position paper of the European Reference Network for Rare and Complex Epilepsies, EpiCARE.txt",24570,24606,Although significant research has,epsy prevention using ap- propriate methodologies.,"already been conducted in this area, further work "
18df7734cb1f2d30b6dce203c0f0acb4ab2f614c,"Areas of research priorities in epilepsy- A position paper of the European Reference Network for Rare and Complex Epilepsies, EpiCARE.txt",28037,28095,duration of epilepsy being independently associated with,"gery is the duration of epilepsy, with a shorter  ","better  outcomes,38–40  as  outlined  in  the  rep"
afb3c461b8a0eb13146e10f3b5fd58ced6855454,"Areas of research priorities in epilepsy- A position paper of the European Reference Network for Rare and Complex Epilepsies, EpiCARE.txt",28407,28470,"seizure  freedom,  significantly  increasing  the  chance  of",the  benefit  of  improving  the  likelihood  of  ,weaning of ASMs and the potential of preserving or
727d125ba3c527690665e0df5b7bbb0f039058bc,"Areas of research priorities in epilepsy- A position paper of the European Reference Network for Rare and Complex Epilepsies, EpiCARE.txt",31813,31879,Significant  advances  in  epilepsy  genetics  have  led  to  an,5  TA RGETED T HERAPIES  5.1   |  The challenges  ,ever- increasing diagnostic yield and the emergenc
e8b0a3dfb6fc8d3098dede75c9b26ca88e11c564,"Areas of research priorities in epilepsy- A position paper of the European Reference Network for Rare and Complex Epilepsies, EpiCARE.txt",42742,42789,"6 years from surgery, linked to ASM withdrawal.",  showed  gains  in  cognitive  function  beyond  ,63 A re- cent study evaluating 500 children who ha
07a80b06cda492c33d41b40ca173c0a3eff35111,"Areas of research priorities in epilepsy- A position paper of the European Reference Network for Rare and Complex Epilepsies, EpiCARE.txt",43305,43363,but was significantly related to a higher IQ and IQ gain,"se  long- term  post- surgery  seizure  outcome,  ",proportionally to number of ASMs discontinued.66  
0958d49d9c41a754473c66abf00c926537cfe827,"Areas of research priorities in epilepsy- A position paper of the European Reference Network for Rare and Complex Epilepsies, EpiCARE.txt",43985,44046,"69  Additionally,  a  significant  proportion  of  patients",uence the chance of undergoing epilepsy sur- gery.,"do not achieve seizure freedom, and the causes of "
4b701727499fadc9739ee71e120e03f8c834cf07,"Areas of research priorities in epilepsy- A position paper of the European Reference Network for Rare and Complex Epilepsies, EpiCARE.txt",50788,50819,|  Challenges associated with,"ment, especially in rare and complex epilepsies.  "," 7.1  traditional trial designs  |  301  concerns,"
6708f5038d18a9793d43439d9e20cb9f6890d27f,"Areas of research priorities in epilepsy- A position paper of the European Reference Network for Rare and Complex Epilepsies, EpiCARE.txt",54373,54435,of these epilepsies are associated with highly variable clin-,oups and patients with high seizure burden. Some  ,"ical manifestations and seizure types, which compl"
4b6aaa430a3d6a0e24466393b581715bba1f8244,"Areas of research priorities in epilepsy- A position paper of the European Reference Network for Rare and Complex Epilepsies, EpiCARE.txt",57031,57085,types) have been used to predict treatment responders.,"tient  data  (e.g.,  genetic  profiles,  seizure  "," In  the  case  of  brivaracetam,  this  approach "
952893719029a5126a691dd7a10aa9d509a91aa1,"Areas of research priorities in epilepsy- A position paper of the European Reference Network for Rare and Complex Epilepsies, EpiCARE.txt",63703,63764,"ualize dosing, and predict adverse effects, leading to more"," enhance patient selection, optimize and individ- ",successful trials and reduced failure rates.104 Bi
a3bec6eb530c3271748715d9ad0f556f099a29da,"Areas of research priorities in epilepsy- A position paper of the European Reference Network for Rare and Complex Epilepsies, EpiCARE.txt",64488,64540,dilemmas associated with placebo- controlled trials.,l  Practice  (GCP)  can  also  mitigate  ethical  ,"118,130  Well- designed syndrome- specific registr"
efb81d5dcf249bec791a4650f5070070caa898f2,"Areas of research priorities in epilepsy- A position paper of the European Reference Network for Rare and Complex Epilepsies, EpiCARE.txt",68877,68940,"mize  the  use  of  human  resources,  predict  outcomes  and","machine  learning  to  improve  diagnosis,  opti- ","treatment  response,  and  improve  the  efficienc"
4495c82f090d93756fe0bfaa249417554e9c2e7e,"Areas of research priorities in epilepsy- A position paper of the European Reference Network for Rare and Complex Epilepsies, EpiCARE.txt",70841,70899,"even predict imminent seizures,141 providing critical in-",me EEG data to detect seizures as they occur and  ,formation  for  timely  intervention.  A  critical
7e83e1b20e1d4540558e38671e7e9b9137b591ae,"Areas of research priorities in epilepsy- A position paper of the European Reference Network for Rare and Complex Epilepsies, EpiCARE.txt",71605,71670,"pathologies,  such  as  Alzheimer  disease149  and  to  predict",h between temporal lobe epilepsy (TLE) and other  ,surgical outcome.150–152  The  gap  in  histopatho
029a2fecbda00270b3c364937dfbf5769ed5a3bb,"Areas of research priorities in epilepsy- A position paper of the European Reference Network for Rare and Complex Epilepsies, EpiCARE.txt",72631,72691,be trained to also recognize and predict the underlying ge-,"as yet.37 On the other hand, such algorithms can  ",netic alteration in a given focal epilepsy- associ
b4ed62440e9c13874e441783960d8134738ea763,"Areas of research priorities in epilepsy- A position paper of the European Reference Network for Rare and Complex Epilepsies, EpiCARE.txt",72946,73008,"associated  with  epilepsy,162  to  predict  epilepsy  pheno-",o  been  used  to  identify  genetic  variations  ,types and predict the effect of pathogenic variant
eb500b47247adcbb7dac3f173f5fc02f34f83484,"Areas of research priorities in epilepsy- A position paper of the European Reference Network for Rare and Complex Epilepsies, EpiCARE.txt",73008,73060,types and predict the effect of pathogenic variants.,"with  epilepsy,162  to  predict  epilepsy  pheno- "," For  example, a model trained on SCN1A variants w"
f98133bc7ec818349c5913c0c420df259f96af31,"Areas of research priorities in epilepsy- A position paper of the European Reference Network for Rare and Complex Epilepsies, EpiCARE.txt",73122,73178,predict the likelihood of Dravet versus GEFS+163 and a,"e, a model trained on SCN1A variants was used to  ",model trained on missense variants in voltage- gat
03f706bd5ad41f57ef5e5a11d8a3067b34a31601,"Areas of research priorities in epilepsy- A position paper of the European Reference Network for Rare and Complex Epilepsies, EpiCARE.txt",73235,73290,dium and calcium channels was used to predict whether,rained on missense variants in voltage- gated so- ,the  variants  are  pathogenic  and  whether  they
d62d8e4eb0d8c276fced3cfab3557212d5145932,"Areas of research priorities in epilepsy- A position paper of the European Reference Network for Rare and Complex Epilepsies, EpiCARE.txt",73541,73596,associated with neurodevelopmental diseases including,the  protein  structure  of  hundreds  of  genes  ,epilepsy.165  |  What should be improved and   8.3
177001a70e0a35626d8160ae75b85c11f0a00b72,"Areas of research priorities in epilepsy- A position paper of the European Reference Network for Rare and Complex Epilepsies, EpiCARE.txt",79045,79104,"which may be linked to epilepsy itself, to the adverse ef-",dity  and  mortality  in  people  with  epilepsy  ,"fects of ASMs, or to the acute and remote effects "
2508c5a5d77528b3e9b30868e4f347085fd81b74,"Areas of research priorities in epilepsy- A position paper of the European Reference Network for Rare and Complex Epilepsies, EpiCARE.txt",79780,79810,linked to convulsive seizures.,ctal complications are very rare and are usually  ,173 Successful seizure control  by regular adminis
6dc842e521c7664bbcdb1207fa4eab3d0f1c8440,"Areas of research priorities in epilepsy- A position paper of the European Reference Network for Rare and Complex Epilepsies, EpiCARE.txt",82778,82846,more  severe  intellectual  disability  is  significantly  associ-,s and social difficulties. A   TCHAICHA et al.    ,ated with increased behavioral problems.183  The  
0e84ce337a314510b000415dcbfc4aea35ad5b76,"Areas of research priorities in epilepsy- A position paper of the European Reference Network for Rare and Complex Epilepsies, EpiCARE.txt",83866,83922,logical pathways associated with both epilepsy and psy-, can also contribute to the dysfunction in neuro- ,"chosis. In addition, inflammatory and immune disor"
c6d6467452f925b56b7af1ad710e377f872ee0e7,"Areas of research priorities in epilepsy- A position paper of the European Reference Network for Rare and Complex Epilepsies, EpiCARE.txt",85395,85446,"risk profiles associated with epilepsy, is crucial."," psychotropic  medications,  considering  unique  ",185 A better  understanding of the neurobiological
fd942b1b52990c53fab78b5a6fba5cf01945263c,"Areas of research priorities in epilepsy- A position paper of the European Reference Network for Rare and Complex Epilepsies, EpiCARE.txt",88980,89047,"predict  long- term  effects  of  seizures,  and  evaluate  treat-","sychologists,  to  assess  cognitive  functions,  ",ment  impact.  Neuropsychological  assessments  re
43bce2f3c1276291e6c26a05da44fa5ae55d13ec,"Areas of research priorities in epilepsy- A position paper of the European Reference Network for Rare and Complex Epilepsies, EpiCARE.txt",99750,99810,"tion plans, we can significantly improve the lives of indi-","tured,  collaborative,  and  cost- effective  ac- ",viduals with epilepsy. Bridging the gap between re
efe13f1d6517f4c9a3d2b5a3dd4ae167d7ca2f17,"Areas of research priorities in epilepsy- A position paper of the European Reference Network for Rare and Complex Epilepsies, EpiCARE.txt",150191,150247,ing to predict genes associated with dominant disorders.," A,  Rivolta  C.  DOMINO:  using  machine  learn- ", Am J  Hum Genet. 2017;101(4):623–9.   163.  Brunk
be77caf93e3ad33376a50ef460f3f979366be9da,Clinical and genetic landscape of epilepsies with absence seizures and single-gene etiology 2025.txt,2359,2423,STARD9—had not been previously associated with absence seizures.,"  and  SCN1A.  Four  genes—HESX1,  NCKAP1,  SON,  "," In 35% of  patients, absence seizures were the on"
5d04c58339ae945a7dfa81b2f2b9380d07344891,Clinical and genetic landscape of epilepsies with absence seizures and single-gene etiology 2025.txt,3138,3216,occurred in 58% and was significantly associated with atypical features (p < .,/epi  Epilepsia. 2026;67:272–290.        |  273  ,03).  Using existing International League Against 
f6d29720010476ed77bbe89b0f7134a64608c24f,Clinical and genetic landscape of epilepsies with absence seizures and single-gene etiology 2025.txt,3631,3642,We found,"drug- resistant epilepsy, and early absence onset.", no  difference  in  the  prevalence  of  drug  re
435a0bff33568fa1b70d3ff4316031c514bdf66f,Clinical and genetic landscape of epilepsies with absence seizures and single-gene etiology 2025.txt,7645,7687,genic etiologies are associated with DEEs.,"  types  of  epilepsy.8,9  Almost  90%  of  mono- ", By comparison  only  5%  of  “epilepsy  genes”  a
b8ec9dd9a87f767503f2e4bce671f7d49d481577,Clinical and genetic landscape of epilepsies with absence seizures and single-gene etiology 2025.txt,11842,11904,"identify  significant  independent  outcome  predictors,  we",velopmental  disorder  at  last  follow- up.  To  ,constructed  a  multivariable  logistic  regressio
d5e775900b7d97bcd416217c9b77ee7cb0dbb08e,Clinical and genetic landscape of epilepsies with absence seizures and single-gene etiology 2025.txt,11964,12023,including  the  variables  that  emerged  as  significant,d  a  multivariable  logistic  regression  model  ,"(p < .05)  in  the  univariate  analyses,  using  "
7c180162b3b21b01a21ab9089a3a50ffa7498d98,Clinical and genetic landscape of epilepsies with absence seizures and single-gene etiology 2025.txt,19219,19267,"However, a significant proportion of patients","th  febrile  seizures  plus  (GEFS+)  (n = 1, 1%).","(n = 96,  60%)  could  not  be  classified  within"
4eeb4bc14995475b0b6a41622f5dad3a4815adde,Clinical and genetic landscape of epilepsies with absence seizures and single-gene etiology 2025.txt,35011,35071,found significant univariate associations between intellec-,"izure onset (mean 56 vs 38 months, p = .039). We  ",tual disability and other neurodevelopmental comor
9ce73d692ab72b28378530764a29d34bccb566e9,Clinical and genetic landscape of epilepsies with absence seizures and single-gene etiology 2025.txt,35991,36023,|  Novel genes associated with, predictors of un- favorable outcomes (Table 3).  , 3.7  absence seizures  We  identified  four  gene
e453e17ad76cb60eb315b2bf318758b4248a7d16,Clinical and genetic landscape of epilepsies with absence seizures and single-gene etiology 2025.txt,50729,50789,not  significantly  delayed  and  head  circumference  was,e  and  valproate.  Developmental  progress  was  ,"normal,  but  minor  facial  dysmorphisms  were  p"
571fdd2e7b6adbee163089ddc031b50b2ab37a5f,Clinical and genetic landscape of epilepsies with absence seizures and single-gene etiology 2025.txt,52294,52351,"or EEG features, and when associated with developmental","t  with  early  onset,  atypical  clinical,  and/ ",delay or drug resistance.  Insights  from  genetic
04a2808f0c3200c6579aced54fad466e1ac8a846,Clinical and genetic landscape of epilepsies with absence seizures and single-gene etiology 2025.txt,59490,59549,A  significant  proportion  of  patients  in  our  cohort,"  currently  achieved  in  this  condition.15,39  ",exhibited  neurodevelopmental  comorbidities  (84%
4f1b336c9657359b5968579039a408dc2653e7ab,Clinical and genetic landscape of epilepsies with absence seizures and single-gene etiology 2025.txt,73566,73627,HESX1/Hesx1 associated with septo- optic dysplasia in human,"ensson IL, et al. Mutations in the homeobox gene  ",and  mouse.  Nat  Genet  [Internet].  1998  Jun  [
26cc019d927789c15aa55963d7d0b9918c1c0b9f,Deep learning applied in epilepsy- Bibliometric and visual analysis.txt,2913,2975,"associated with epilepsy can lead to physical injuries, while",nd quality of life.1 The sudden seizures commonly ,the unpredictability of the condition might result
a6cb22fb5b609ffe0795bfe10335f1e5c62bde01,Deep learning applied in epilepsy- Bibliometric and visual analysis.txt,16454,16514,"States is linked to many countries, and Japan, South Korea,","e United Kingdom, the United  6  DIGITAL HEALTH  ",and the Chinese are active in cooperation. In Afri
7682e339df9689a4b223043261906f582331d40a,Deep learning applied in epilepsy- Bibliometric and visual analysis.txt,51987,52044,which have signiﬁcantly improved diagnostic and predict-,"el optimization (such as LSTM and hybrid models), ","ive performance.36,40  As shown in Figure 6(c), ke"
f7c1aec774454252e7b5b346077371b0f97dbbc7,"Detection of epileptic seizure events using pre‐trained convolutional neural network, VGGNet and ResNet. 2026.txt",3910,4046,"Misdiagnosis of epilepsy can be a significant concern as it can lead to inappropriate treatment, unnecessary medical interventions, and",ley & Sons Ltd.  1 of 17  2 of 17  THARA ET AL.  , decreased quality of life for individuals affecte
48a620311c6c57ce7cd64650d8e55ce8dd6c9f1d,"Detection of epileptic seizure events using pre‐trained convolutional neural network, VGGNet and ResNet. 2026.txt",13472,13582,"They constructed a CNN model which can predict EEG of different stages like ictal, pre-ictal, and inter-ictal.",ation intensity existing between the electrodes.  , The results were evaluated by com-  paring with s
c0dc071632ac4c21a4c5f70ae6b13290e184f0d7,"Detection of epileptic seizure events using pre‐trained convolutional neural network, VGGNet and ResNet. 2026.txt",26270,26328,components that are associated with different brain waves.,The EEG signal is composed of different frequency ," For example, delta waves (0.5–4 Hz) are associate"
953b04ec4723ff9b4af6a8a44b21e38faf955945,"Detection of epileptic seizure events using pre‐trained convolutional neural network, VGGNet and ResNet. 2026.txt",26357,26409,"5–4 Hz) are associated with deep sleep, while alpha","ifferent brain waves. For example, delta waves (0.",waves (8–13 Hz) are associated with relaxed wakefu
179ca9f7a790a415a35e80d41d9b2070ca149354,"Detection of epileptic seizure events using pre‐trained convolutional neural network, VGGNet and ResNet. 2026.txt",26409,26465,waves (8–13 Hz) are associated with relaxed wakefulness.,"4 Hz) are associated with deep sleep, while alpha ", The frequency range of 0.5–100 Hz includes the ma
48aa70d5558e915b18918a7e44bc6d711c8b7187,"Detection of epileptic seizure events using pre‐trained convolutional neural network, VGGNet and ResNet. 2026.txt",41061,41178,"able metric in cases of imbalanced datasets, where the number of instances in different classes varies significantly.","l classes. However, it may not be the most suit-  ",  AUC is used to evaluate the performance of a bin
c699d2071797065f798e0277ce641929ac3d86f9,"Detection of epileptic seizure events using pre‐trained convolutional neural network, VGGNet and ResNet. 2026.txt",53297,53367,We observed from the results these models are very promising to work, dataset from Temple University Hospital database., on epilepsy disease detection. ResNet and VGGNet 
9774bc126e21a6bb91a8b11caa5f32efa5bb8ed4,EBSCO-FullText-06_12_2026.txt,6748,6810,in neurogenesis have been associated with distinct behavioral, than ventral regions.30 Axis-speciﬁc differences ,"tendencies31; for example, increased neurogenesis "
d9ab0f4287b33661e4c8316b8516926586fe8d3e,EBSCO-FullText-06_12_2026.txt,6874,6931,ventral DG have been linked to continued use of outdated,"for example, increased neurogenesis in dorsal and ","spatial rules in reversal tasks, and reduced explo"
92fbab8a53c1890b4f61d59339422d51a9e56b84,EBSCO-FullText-06_12_2026.txt,11519,11589,Enriched expression of genes associated with cognition and affect has,n may vary with behavior and cognitive demands.21 ,"been shown in rodents and humans, however smooth g"
f8e911b31584dca56d3286bd19c38677b78d6602,EBSCO-FullText-06_12_2026.txt,14920,14967,this typical pattern is associated with memory," hippocampus.72 In TD children, preser- vation of ",ability.19 Functional magnetic resonance imaging (
e9120b0892ec1948c0e15dca2f86e9915506a326,EBSCO-FullText-06_12_2026.txt,16764,16803,lobe epilepsy (TLE) is associated with,"s, observational studies have generally supported ",that lower verbal memory scores and right TLE with
7834da344d8156f4bb6e81d513d47db7a865dbc6,EBSCO-FullText-06_12_2026.txt,19473,19538,there is some evidence that faster ambulation is associated with,"and body, under varying task conditions. However, ","higher frequency theta activity (8 Hz), akin to ro"
99eb710560a07c253b9fc1c408597c19928294b7,EBSCO-FullText-06_12_2026.txt,39199,39241,axis is gradual and predicts recollection.,al organisation of the hippocampus along its long , Cortex. 2019;119:324- 335. doi:10.1016/j.cortex.2
45268c1c334f664f6b6947b76a7783f251fed174,EBSCO-FullText-06_12_2026.txt,39520,39575,Distinct cortical anatomy linked to subregions of the,"drews-Hanna JR, Vincent JL, Snyder AZ, Buckner RL.",medial temporal lobe revealed by intrinsic functio
f69b6ee340b31b010d0e964130174c1bf1bac780,"Etiology, Symptoms, and Treatment of Epilepsy- Advances and Perspectives 2026.txt",790,880,and immune-mediated etiologies that have significant variations in terms of both clinical," diverse range of genetic, structural, metabolic, ","symptoms and therapeutic outcomes [3,4]. This Spec"
3cbe1b07b017b6c18186297e14337b49c61e9876,"Etiology, Symptoms, and Treatment of Epilepsy- Advances and Perspectives 2026.txt",2271,2355,"trauma, infections, or stroke are still significant contributors to epilepsy [7,11].","tural lesions due to developmental malformations, "," On the other hand, neuroimaging advances offer be"
c9f2817598a270789b36827a58d82e0693723943,"Etiology, Symptoms, and Treatment of Epilepsy- Advances and Perspectives 2026.txt",5058,5143,reduction in seizures and significant improvement in quality of life are worth high-,"the case series in this Special Issue [5,33]. The ",lighting [34]. This is a form of closed-loop neuro
f59528d08e7ec6ae5a5c1852f81592ec6b6a92cd,"Etiology, Symptoms, and Treatment of Epilepsy- Advances and Perspectives 2026.txt",7039,7129,"use, diet, and exercise) bear significantly on seizure control and adherence to treatment","luding sleep hygiene, levels of stress, substance ","regimens [42,43]. Poor sleep hygiene, for example,"
2655ab4f03dce6d7db86c221c6f77d5edfa7623a,"Etiology, Symptoms, and Treatment of Epilepsy- Advances and Perspectives 2026.txt",7217,7305,"indeed, studies have shown that poor sleep hygiene is associated with increased seizure","for example, is a recognized seizure precipitant; ","frequency [44,45]. Many patients do not appreciate"
03f316446f1b13bd0821240d0b4401ce85076881,"Etiology, Symptoms, and Treatment of Epilepsy- Advances and Perspectives 2026.txt",8170,8246,"disease, which decreases the anxiety associated with unpredictable seizures.","gram, providing them with more control over their "," Depression, anxiety, and social isolation are com"
ae6d0436457e7abd709c414365f36c67804dc3b2,"Etiology, Symptoms, and Treatment of Epilepsy- Advances and Perspectives 2026.txt",8814,8898,"Nevertheless, the stigma associated with epilepsy remains a significant obstacle to",ealth but also compliance and treatment outcome.  ,"social integration, employment, and education in m"
ea2e47b8f70310da74fa9d9d0e50d42f302b7e45,"Etiology, Symptoms, and Treatment of Epilepsy- Advances and Perspectives 2026.txt",14638,14727,Immunological Imbalances Associated with Epileptic Seizures in Type 2 Diabetes Mellitus.,"633. [CrossRef]  14. Phoswa, W.N.; Mokgalaboni, K."," Brain  Sci. 2023, 13, 732. [CrossRef]  https://do"
bdb8b95162640b0dbe7289591511a25b42cfeb15,"Etiology, Symptoms, and Treatment of Epilepsy- Advances and Perspectives 2026.txt",18142,18198,Social determinants of health associated with epilepsy,"ow, J.M.; Miller, W.R.; Tanner, A.L.; Austin, J.K.",treatment adherence in the United States: A scopin
f00883386f0a4e9dabf81effd7ee5679f212306d,Interictal spikes and epileptic seizures- their relationship and underlying rhythmicity. 2026.txt,714,790,Abstract: We report on a quantitative analysis of electrocorticography data, PageEnd: 1078 PageCount: 13 Volume: 139 Issue: 4 ,from a study that acquired continuous ambulatory r
314c473401eb9252edc6dc52df53426e7332f493,Interictal spikes and epileptic seizures- their relationship and underlying rhythmicity. 2026.txt,1363,1455,"clinically correlated, electroencephalographically identical but not clinically correlated,", were confirmed manually and classified as either ,or subclinical. We found that spike rate was signi
0c99eb11d03a759aa8abc07f759e4f9965670340,Interictal spikes and epileptic seizures- their relationship and underlying rhythmicity. 2026.txt,1470,1544,We found that spike rate was significantly altered prior to seizure in 9,"cal but not clinically correlated, or subclinical.",out of 15 subjects. Increased pre-ictal spike rate
aea94b6fbb35c5005b6ff6096b0034e215267bff,Interictal spikes and epileptic seizures- their relationship and underlying rhythmicity. 2026.txt,1563,1634,Increased pre-ictal spike rate was linked to improved predictability;, altered prior to seizure in 9 out of 15 subjects.,"however, spike rate was also shown to decrease bef"
58aac24724b8816e6ae841876e31bb710b8b6e55,Interpretable EEG biomarkers for neurological disease models in mice using bag-of-waves classifiers.txt,3479,3572,approach to predict the genotypes of individual mice from the occurrence counts of waveforms,kgrounds. Approach. We propose a machine learning ,that approximate short windows of the EEG. That is
42a3df2d0d1cbdf7f98bd7772849c2cf60700e71,Interpretable EEG biomarkers for neurological disease models in mice using bag-of-waves classifiers.txt,5951,6003,content) associated with genotypes can be useful to,rs (descriptors of waveform patterns or frequency ,understand the link between genetics and neural ne
ab366f0c800425d50a721745800fd8dd1f9a2f55,Interpretable EEG biomarkers for neurological disease models in mice using bag-of-waves classifiers.txt,11508,11564,Shapley values that correlate with a class of genotypes.," mean [34, 35]. We propose to find the waveforms’ "," Importantly, these could be waveforms with a nega"
93fad621dfced97c858957a769020c244c203f9e,Interpretable EEG biomarkers for neurological disease models in mice using bag-of-waves classifiers.txt,11775,11813,values that correlate with a genotype., waveforms with positive coefficients and Shapley ," Together, the waveform shape, spectral content, a"
4d8ac09d1f3cd6abf211a488eade32866164053d,Interpretable EEG biomarkers for neurological disease models in mice using bag-of-waves classifiers.txt,18159,18175,To predict the,ined to pre- dict the class label of each segment.,"class of an individual, a single bag-of-waves is c"
d8e77e9e8a0b00cc221b2b7db49138310064fcd0,Interpretable EEG biomarkers for neurological disease models in mice using bag-of-waves classifiers.txt,18288,18339,Classifiers are trained to predict the joint gen-,cross segments sampled throughout the time series.,"otype, components of the genotype (strain and TSC-"
cabaf0ae2a6323424ece6c9dbb53002cd1fbbc67,Interpretable EEG biomarkers for neurological disease models in mice using bag-of-waves classifiers.txt,38973,39028,"sion [52], which is also necessary for correlated fea-","nts, via ℓ2 2 regularization, as in ridge regres- ",ture dimensions. Correlated features are possible 
79e89e799d83e78d522eb163f67dd0e5257a1385,Interpretable EEG biomarkers for neurological disease models in mice using bag-of-waves classifiers.txt,39044,39081,Correlated features are possible if,lso necessary for correlated fea- ture dimensions.,similar waveforms are in different class-condition
154a257244696c21df8cd2b46293bc0b59f9b41b,Interpretable EEG biomarkers for neurological disease models in mice using bag-of-waves classifiers.txt,41596,41644,two independent models: one that predicts back-,"2. We train models for the joint 6 class problem, ","ground strain and one for TSC-genotype, and TSC- g"
012e6a5e79c989118ca5e06d058ae5a8b6d46522,Interpretable EEG biomarkers for neurological disease models in mice using bag-of-waves classifiers.txt,49583,49619,positively correlate with the class., have positive coefficients and whose counts also ," Finally, we compute summary statistics about the "
a0b4b22c605edb7bb0075e6b1250245411018d77,Interpretable EEG biomarkers for neurological disease models in mice using bag-of-waves classifiers.txt,56216,56272,classifier without pooling yields a significantly lower,CW.  Taking predictions for 1 h segments with BOW ,average accuracy of 0.63 ± 0.01. Using only 10 min
f649dc6ad4aa45ad794a0ada1f06e7ca6fcc2c09,Interpretable EEG biomarkers for neurological disease models in mice using bag-of-waves classifiers.txt,57258,57313,a class-conditional classifier to predict the presence," Given the true background-strain class, we train ",of the TSC1 knockout in heterozygous individuals (
a0eb4866317fde8b62fb07c96ce0e15a191c98e5,Interpretable EEG biomarkers for neurological disease models in mice using bag-of-waves classifiers.txt,66118,66167,ACSSVs but be negatively associated with a class.,use a waveform occurrence feature may have a high , The  ACSSV are interpreted by examining each wave
3f6750514ce9a3e039bd50ca28a19e0bf4c41475,Interpretable EEG biomarkers for neurological disease models in mice using bag-of-waves classifiers.txt,68279,68405,"outlined points correspond to waveforms whose Shapley values positively correlate with the TSC genotype, whereas red outlines"," (relative to maximum in a given plot), and black ",negatively correlate. The marker color corresponds
e826c549d351a6e4a43a7196fbb808c0d8ffb482,Interpretable EEG biomarkers for neurological disease models in mice using bag-of-waves classifiers.txt,68405,68426,negatively correlate.,"elate with the TSC genotype, whereas red outlines ", The marker color corresponds to the peak frequenc
63ce662155e74937375439e595eefe6cebe39009,Interpretable EEG biomarkers for neurological disease models in mice using bag-of-waves classifiers.txt,72140,72188,strain background in which we observed spontan-,ackground is intriguing because this was the only ,"eous seizures, suggesting that neural activity in "
13b2e6e7bda08fb9861b1eb3bf5c134b5313ff8a,Interpretable EEG biomarkers for neurological disease models in mice using bag-of-waves classifiers.txt,74789,74837,3rd waveforms associated with the TSC1 knockout,"leep, locomotion, etc. In particular, the 2nd and ",in DBA2 strain (DBA2Het) in Fold 0 (figure 8) coul
05bf20973f14c121aa388731795bea2d666ad6de,Interpretable EEG biomarkers for neurological disease models in mice using bag-of-waves classifiers.txt,74883,74938,could possibly be artifacts or be associated with slow,out in DBA2 strain (DBA2Het) in Fold 0 (figure 8) ,"waves associated with wake/sleep cycles [56, 57] a"
05058e3a5babda804a41b17578320273b5a59066,Interpretable EEG biomarkers for neurological disease models in mice using bag-of-waves classifiers.txt,74938,74991,"waves associated with wake/sleep cycles [56, 57] and", possibly be artifacts or be associated with slow ,observed in anesthetized mice [58].  It should be 
cc1777a55b3c9a7e4c4e5248a44ccd84ee5dedf6,Interpretable EEG biomarkers for neurological disease models in mice using bag-of-waves classifiers.txt,75879,75935,sifiers that predict the class based on majority strain,": For background strain classification, LOO clas- ", for a given sex have expected accuracy of 20% (9 
e5ec7f715d2dff261d4b01c0116106134856d0a5,Interpretable EEG biomarkers for neurological disease models in mice using bag-of-waves classifiers.txt,77264,77292,This indicates significant,variants can result in different disease profiles., 19  J. Neural Eng. 23 (2026) 036016  M Isabel Ca
f54d1b5df36870ac4c41667e5fc1828eb081b64f,Interpretable EEG biomarkers for neurological disease models in mice using bag-of-waves classifiers.txt,84436,84484,approach to predict the genotype from long-term,on  We described and validated a machine learning ,continuous EEG signals based on the occurrence rat
44a218ec8e5b954eb7799d5542462c9f6c7db5a8,Multi-Omics Dissection of the Shared Genetic Architecture Between Sleep Traits and Epilepsy.txt,1613,1705,"data, we discovered a modest but significant genetic overlap between epilepsy, short sleep,",y understood. Analyzing large-scale human genetic ,"and insomnia. By integrating multi-omics data, we "
030ff5de372d11c2c6b65f4b00833ff5927bbd20,Multi-Omics Dissection of the Shared Genetic Architecture Between Sleep Traits and Epilepsy.txt,2726,2802,"Using LDSC and GWAS-pw, we identified modest but statistically significant",molecular links between sleep traits and epilepsy.,(Bonferroni-corrected) global and local genetic co
a079d731736f0f6c297ff71881abfccdb05c70d4,Multi-Omics Dissection of the Shared Genetic Architecture Between Sleep Traits and Epilepsy.txt,3063,3149,"including SPAG7, VRK2, and LINC00925, which are functionally associated with neuroim-","ific pleiotropic loci and shared candidate genes, ",mune signaling. While preliminary Phenome-Wide Ass
7725fea901346c4b41e477e032dca8f15fa82749,Multi-Omics Dissection of the Shared Genetic Architecture Between Sleep Traits and Epilepsy.txt,5290,5379,"Therefore, deciphering the genetic overlap between epilepsy and strongly correlated phe-",networks rather than isolated molecular pathways. ,"notypic modifiers, such as sleep disturbances, may"
fe5e7b08aa90128e3fa0784863d479c51a298a7b,Multi-Omics Dissection of the Shared Genetic Architecture Between Sleep Traits and Epilepsy.txt,5836,5923,"wide significant loci and gene variants, highlighting both shared and subtype-specific",rge-scale studies have uncovered multiple genome- ,"genetic architectures [9,12,13]. However, focusing"
f5555d28653e398f9ecc737f5c1002516295c3dc,Multi-Omics Dissection of the Shared Genetic Architecture Between Sleep Traits and Epilepsy.txt,6453,6544,"chronic sleep disruption is inextricably linked to various adverse health outcomes [14,15].","g physiological and neurological homeostasis, and ", Sleep quality is typically evaluated using core c
06e955029dfb63a9f442b1d4d649d9192c93d0ab,Multi-Omics Dissection of the Shared Genetic Architecture Between Sleep Traits and Epilepsy.txt,7153,7243,"wide significant loci regulating both short and long sleep duration, as well as insomnia,",ses have successfully identified numerous genome- ,providing a robust foundation for cross-trait gene
a2e185c517ca394dfbffdb8b19bcf81195a76b7f,Multi-Omics Dissection of the Shared Genetic Architecture Between Sleep Traits and Epilepsy.txt,8196,8280,"significant associations and others suggesting partial causal relationships [26,27].","ave yielded mixed results, with some reporting no "," Conse- quently, the precise genetic and molecular"
ac3334fd1a3885edf6c5cacbcfec0da89d1927c2,Multi-Omics Dissection of the Shared Genetic Architecture Between Sleep Traits and Epilepsy.txt,10211,10256,"8 independent significant loci, respectively.",s controls [21]. These analyses identified 27 and , Summary-level data are publicly accessible via th
713eea7f092bd777144c12da7beb9da3239c76f6,Multi-Omics Dissection of the Shared Genetic Architecture Between Sleep Traits and Epilepsy.txt,11927,11958,"In this study, 14 significant",d the first ten genetic principal components [22].,"risk loci were identified [22], and relevant GWAS "
0cd1b899041c0642cc4179e6f0cab41a67615a0b,Multi-Omics Dissection of the Shared Genetic Architecture Between Sleep Traits and Epilepsy.txt,15059,15100,were deemed significant only when p < (0.,"ns between sleep duration, insomnia, and epilepsy ","05/3 = 0.0167), properly accounting for the three "
c7098bae9ad9ef76a13a06adf18fcf508d05427b,Multi-Omics Dissection of the Shared Genetic Architecture Between Sleep Traits and Epilepsy.txt,19015,19105,significant genetic heterogeneity and directionally discordant allelic effects are highly,"gical architectures of sleep traits and epilepsy, ",anticipated. The Shet statistic is mathematically 
c45d22f7f8491daf7bab6138b1071e208f1909dd,Multi-Omics Dissection of the Shared Genetic Architecture Between Sleep Traits and Epilepsy.txt,20258,20320,single trait are considered significant pleiotropic loci [38]., meta-analysis and a p value less than 0.05 for a , In order to further obtain the function annotatio
7927d28b22e420de476e34f3bd4709729cc6e81e,Multi-Omics Dissection of the Shared Genetic Architecture Between Sleep Traits and Epilepsy.txt,20352,20442,"function annotation of significant pleiotropic loci, the Ensembl Variant Effect Predictor",otropic loci [38]. In order to further obtain the ,(VEP) tool (asia.ensembl.org)and the 3DSNP databas
66fe1a08e3286bd9babc2612d2e2e7eebefbd9ba,Multi-Omics Dissection of the Shared Genetic Architecture Between Sleep Traits and Epilepsy.txt,22131,22214,Shared genes were defined as those exhibiting significant expression associations,ion within their respective tissues were retained.,with both sleep traits and epilepsy in at least on
da1550f3ebe167c23f606d06b9c328672929bd74,Multi-Omics Dissection of the Shared Genetic Architecture Between Sleep Traits and Epilepsy.txt,23233,23332,disease landscape linked to each drug-target gene to flag potential on- or off -target liabilities,"built on UK Biobank exome and phenotype data, the ",of the corresponding compounds was screened [44]. 
f15ebc0503fa568ae2d6bb452902544b5a50d142,Multi-Omics Dissection of the Shared Genetic Architecture Between Sleep Traits and Epilepsy.txt,23417,23504,threshold (Bonferroni-corrected p < 0.05/total number of traits tested) was applied to,screened [44]. A strict phenome-wide significance ,determine potentially significant adverse associat
c741fe2f10017b405f62cbec4692fd9a84fc82f7,Multi-Omics Dissection of the Shared Genetic Architecture Between Sleep Traits and Epilepsy.txt,23504,23559,determine potentially significant adverse associations.,.05/total number of traits tested) was applied to ," Importantly, while we screened for off-target eff"
ec201e117cbcd1afc20d88c6e017a02dbd942910,Multi-Omics Dissection of the Shared Genetic Architecture Between Sleep Traits and Epilepsy.txt,23984,24075,"they are robustly associated with the exposure, independent of confounders, and affect the", Valid instruments must satisfy three conditions: ,outcome only through the exposure [45]. A bidirect
31ffe4bd44a12c58c3d6f89362ca348a3913dba9,Multi-Omics Dissection of the Shared Genetic Architecture Between Sleep Traits and Epilepsy.txt,24350,24436,(1) SNPs are strongly associated with the exposure (p < 5 × 10−8) from GWAS; (2) keep, selected as IVs based on the following criteria: ,the independent SNPs with an LD r2 < 0.001 (window
a261c91421a06ec5979e680940736f4141023b3e,Multi-Omics Dissection of the Shared Genetic Architecture Between Sleep Traits and Epilepsy.txt,25075,25164,"tify heterogeneity among the selected SNPs; in instances of significant heterogeneity, a",performed. Cochran’s Q test was utilized to quan- ,random-effects IVW model was employed. Furthermore
01cda2643117aa8e359077dad1e38c68a64fc363,Multi-Omics Dissection of the Shared Genetic Architecture Between Sleep Traits and Epilepsy.txt,26539,26622,Global genetic correlation analysis consistently revealed a modest but significant,"a broad, highly distributed polygenic liability.  ",positive correlation between short sleep duration 
faf89de7b99055396e56fe4f50825e269d4d845b,Multi-Omics Dissection of the Shared Genetic Architecture Between Sleep Traits and Epilepsy.txt,26985,27064,"Conversely, no significant associations were observed for long sleep duration",hared global genetic basis between the two traits.,"under either model. For insomnia, while the uncons"
eaa656408f12188275e1a6e364546a91812be435,Multi-Omics Dissection of the Shared Genetic Architecture Between Sleep Traits and Epilepsy.txt,27083,27150,"For insomnia, while the unconstrained model showed no significant",served for long sleep duration under either model.,"association, constrained LDSC identified a signifi"
62eb1256569f06d536ae40ed4dd9ee40c415ea73,Multi-Omics Dissection of the Shared Genetic Architecture Between Sleep Traits and Epilepsy.txt,27150,27233,"association, constrained LDSC identified a significant genetic correlation (rg = 0.",ile the unconstrained model showed no significant ,"0654, 95% CI: [0.026, 0.105], p = 1.10 × 10−3).  I"
5943628c7ffe3110f7b7731c8f4ae0a73f902b5d,Multi-Omics Dissection of the Shared Genetic Architecture Between Sleep Traits and Epilepsy.txt,27282,27365,"In summary, there was a significant global genetic correlation between short sleep",".0654, 95% CI: [0.026, 0.105], p = 1.10 × 10−3).  ","duration and epilepsy, regardless of LDSC intercep"
2dfae3949ff45295d8dd94ace830f76e4e4d3e2a,Multi-Omics Dissection of the Shared Genetic Architecture Between Sleep Traits and Epilepsy.txt,28063,28150,"frequently associated with heightened systemic arousal and network excitability, which",distinct underlying architectures. Short sleep is ,"may contribute to seizure generation. In contrast,"
8af1fc92e10bd3b39123450eac04178c730b6c58,Multi-Omics Dissection of the Shared Genetic Architecture Between Sleep Traits and Epilepsy.txt,29062,29145,(H) Sankey diagram summarizing significant partitioned genetic correlations among,"D,F) and constrained (C,E,G) LDSC, re- spectively.","short sleep duration, insomnia, and epilepsy. Unco"
9e0d35e2bd62053fabdee574123f2a040183874e,Multi-Omics Dissection of the Shared Genetic Architecture Between Sleep Traits and Epilepsy.txt,29291,29335,Significance thresholds: ns = p > 0.05/14;,pt; Constrained = LDSC with constrained intercept.,* = p < 0.05/14; ** = p < 0.01/14; *** = p < 0.001
a7a3d4136f68732f370f41e5f711866c6221d07f,Multi-Omics Dissection of the Shared Genetic Architecture Between Sleep Traits and Epilepsy.txt,29335,29363,* = p < 0.05/14; ** = p < 0.,rcept. Significance thresholds: ns = p > 0.05/14; ,01/14; *** = p < 0.001/14; **** = p < 0.0001/14. I
4a9629b8bb29694aab6ba90365b344546f06397d,Multi-Omics Dissection of the Shared Genetic Architecture Between Sleep Traits and Epilepsy.txt,29345,29382,05/14; ** = p < 0.01/14; *** = p < 0.,nificance thresholds: ns = p > 0.05/14; * = p < 0.,"001/14; **** = p < 0.0001/14. In panels (B–G), dis"
4833282e14d7a920908630ad44089a54cea0f1a7,Multi-Omics Dissection of the Shared Genetic Architecture Between Sleep Traits and Epilepsy.txt,29363,29403,01/14; *** = p < 0.001/14; **** = p < 0.,ds: ns = p > 0.05/14; * = p < 0.05/14; ** = p < 0.,"0001/14. In panels (B–G), distinct colors are used"
828c30462d0dd0fc5bac15ee68ec285c85764693,Multi-Omics Dissection of the Shared Genetic Architecture Between Sleep Traits and Epilepsy.txt,29382,29411,001/14; **** = p < 0.0001/14.,4; * = p < 0.05/14; ** = p < 0.01/14; *** = p < 0.," In panels (B–G), distinct colors are used to visu"
30b08bd2438af361cc065ec4639455e52aeb9075,Multi-Omics Dissection of the Shared Genetic Architecture Between Sleep Traits and Epilepsy.txt,29542,29643,"denote significant partitioned genetic correlations, linking specific functional categories to their","ional categories. In panel (H), the colored bands ",corresponding sleep–epilepsy trait pairs. Abbrevia
6d9ab0828900dd945510008673b03fb3c456559b,Multi-Omics Dissection of the Shared Genetic Architecture Between Sleep Traits and Epilepsy.txt,30110,30176,strictly defined by a Bonferroni-adjusted threshold (p < 0.05/14).,"titioning LDSC were calculated, with significance ", The explicitly adjusted p-values are detailed in 
35df0095b09d1b20e0d520922116402f8a48777d,Multi-Omics Dissection of the Shared Genetic Architecture Between Sleep Traits and Epilepsy.txt,30255,30336,The correlations between short sleep duration and epilepsy exhibited significant,lues are detailed in Supplementary Tables S3–S5.  ,associations in coding and transcribed regions usi
a554b6f013c92d8dbba83756d0241294d67687fb,Multi-Omics Dissection of the Shared Genetic Architecture Between Sleep Traits and Epilepsy.txt,30444,30507,"With constrained LDSC, significant correlations were observed","strained LDSC (Figure 2B, Supplementary Table S3).","in coding, conserved, DGF, DHS, fetal DHS, H3K27ac"
5c19ccd51fdfcee134685db4dac7f932c0046da5,Multi-Omics Dissection of the Shared Genetic Architecture Between Sleep Traits and Epilepsy.txt,31187,31273,There were no significant correlations found for the long sleep duration and epilepsy,govern sleep-wake cycles and seizure thresholds.  ,using either unconstrained or constrained LDSC (Fi
48430aed1902134b9e2a46bcba02ee2676062bd5,Multi-Omics Dissection of the Shared Genetic Architecture Between Sleep Traits and Epilepsy.txt,31363,31453,"garding insomnia and epilepsy, unconstrained LDSC did not reveal significant correlations","d LDSC (Figure 2D,E, Supplementary Table S4). Re- ","(Figure 2F, Supplementary Table S5), but constrain"
0361748fe2f22b4c295691de0bbed9dd4eb0af1e,Multi-Omics Dissection of the Shared Genetic Architecture Between Sleep Traits and Epilepsy.txt,31453,31543,"(Figure 2F, Supplementary Table S5), but constrained LDSC identified significant correla-",ined LDSC did not reveal significant correlations ,"tions in conserved, DGF, DHS, fetal DHS, H3K4me1, "
acb04be9768c3ce12f8ee5f80e09bc631c4cb478,Multi-Omics Dissection of the Shared Genetic Architecture Between Sleep Traits and Epilepsy.txt,31807,31892,"These findings are also summarized in Figure 2H, highlighting the significant parti-",is evolutionarily preserved across species [49].  , tioned genetic correlations between short sleep d
0ea26f5515ed816696b32f024c535955ac18578f,Multi-Omics Dissection of the Shared Genetic Architecture Between Sleep Traits and Epilepsy.txt,32008,32097,"Given the significant genetic correlations observed at the global and functional levels,","a, and epilepsy.  3.3. Local Genetic Correlation  ",specific genomic regions that contributed to local
6953ac9a9e405eb834308674bdcd91f319b42504,Multi-Omics Dissection of the Shared Genetic Architecture Between Sleep Traits and Epilepsy.txt,33276,33348,ten genomic regions exhibited significant shared associations (PPA3 > 0.,"n the long sleep duration and epilepsy, more than ","5), including chr2:113,929,896–116,771,011, chr17:"
963e6276b70824224f6eb5c231deb96db003323d,Multi-Omics Dissection of the Shared Genetic Architecture Between Sleep Traits and Epilepsy.txt,33715,33752,No significant shared loci (PPA3 > 0.,"eral others (Figure 3B, Supplementary Table S7).  ",5) were detected between insomnia and epilepsy (Fi
3ee03cb5eee0ddbd003dab0a48376ba096d15be7,Multi-Omics Dissection of the Shared Genetic Architecture Between Sleep Traits and Epilepsy.txt,34215,34301,"dent pleiotropic loci associated with short sleep duration and epilepsy (Figure 4A,B,","ingle-trait < 0.05). After pruning, nine indepen- ","Supplementary Table S9), six loci for long sleep d"
5676a7eebb3c71aeb675c71afd5b3e4a44dee589,Multi-Omics Dissection of the Shared Genetic Architecture Between Sleep Traits and Epilepsy.txt,34778,34808,linked to sleep duration [50].,"SOC = 9.12 × 10−21) was near LOC101927400, a gene "," The second locus (rs2717076, PCPASSOC = 3.94 × 10"
e4f18b93ec12dda3e58599df16d6a5c54b8ff698,Multi-Omics Dissection of the Shared Genetic Architecture Between Sleep Traits and Epilepsy.txt,35244,35312,"The mutation of this gene is associated with various ciliopathies,",the retrograde axoneme transport process of cilia.,"renal tubular atrophy syndrome, and restrictive th"
045b4230364dd1de3ca925816771800734dff1e6,Multi-Omics Dissection of the Shared Genetic Architecture Between Sleep Traits and Epilepsy.txt,37248,37346,"surpass the genome-wide significance threshold, while blue points denote non-significant variants.",". In the QQ plots, red points highlight SNPs that ", chr: chromosome.  https://doi.org/10.3390/biology
20ce85e749617a9583fd6111b78315abb2b19f0d,Multi-Omics Dissection of the Shared Genetic Architecture Between Sleep Traits and Epilepsy.txt,37882,37939,"3, an lncRNA, is associated with cancer development [61].", Golgi apparatus structure [60] while RP11-867G23.," Two additional pleiotropic loci, including rs5727"
894642614ed0b652645f13e85bed4e8df81010fe,Multi-Omics Dissection of the Shared Genetic Architecture Between Sleep Traits and Epilepsy.txt,38047,38138,"coding RNA associated with cellular stress pathways and ferroptosis [62], which may influ-","PASSOC = 1.33 × 10−8, near LINC00925, a long non- ",ence neuronal survival during epileptic seizures) 
6309a86b6b0b8b2e89ff4fa9635d021d06596963,Multi-Omics Dissection of the Shared Genetic Architecture Between Sleep Traits and Epilepsy.txt,38429,38502,"associated with two trait pairs, while other regions were trait-specific.","). Notably, regions 2p16.1, 2q13, and 2q24.3 were ",  3.5. Pathway Enrichment Results  Using annotated
db9e7611d8c9872bd412ee09d46204e05b07e889,Multi-Omics Dissection of the Shared Genetic Architecture Between Sleep Traits and Epilepsy.txt,38624,38717,"significantly enriched pathways were identified, further contextualizing the genetic overlap."," loci for short sleep duration and epilepsy, five ", These included cardiac muscle cell action potenti
aa1d617db0ee927df482cb63cbe23e7dc6ab6a37,Multi-Omics Dissection of the Shared Genetic Architecture Between Sleep Traits and Epilepsy.txt,38985,39071,"pair, we found six enriched pathways, including circadian rhythm, behavior, organelle",As for the long sleep duration and epilepsy trait ,"biogenesis and maintenance, Golgi vesicle transpor"
1b6f9c6b8ad3392b6e253cdfe55b0dff6a39787e,Multi-Omics Dissection of the Shared Genetic Architecture Between Sleep Traits and Epilepsy.txt,39214,39252,There was one significantly enriched,"ionalization (Figure 5B, Supplementary Table S13).","pathway for insomnia and epilepsy, including R-HSA"
ca56c18ff207a9424c6f895a7a986116069e5e63,Multi-Omics Dissection of the Shared Genetic Architecture Between Sleep Traits and Epilepsy.txt,40355,40440,"For short sleep duration and epilepsy, the corresponding genes associated with short",n the sleep  behaviors and epilepsy trait pairs.  ,sleep duration and epilepsy were identified (FDR-c
9fa2862919e40ac9d708ca18dd1e4d734ce7c59a,Multi-Omics Dissection of the Shared Genetic Architecture Between Sleep Traits and Epilepsy.txt,40440,40523,"sleep duration and epilepsy were identified (FDR-corrected p < 0.05), respectively.","sy, the corresponding genes associated with short "," After merging the above genes, the two pleiotropi"
fd283a2d51eb380ad75ce6e5f6c3bec6e61ee19d,Multi-Omics Dissection of the Shared Genetic Architecture Between Sleep Traits and Epilepsy.txt,40630,40706,"SPAG7 was significantly identified across the cerebellar hemisphere, cere-", (SPAG7 and VRK2) were identified in brain tissue.,"bellum, frontal cortex BA9, and hippocampus. Funct"
b457286f9115e84482828ac0d7bc268835f451de,Multi-Omics Dissection of the Shared Genetic Architecture Between Sleep Traits and Epilepsy.txt,42849,42938,"data from the UK Biobank, the target genes (SPAG7 and VRK2) were not significantly asso-",eWAS portal and based on sequencing and phenotype ,"ciated with infectious, neoplasms, blood/immune, e"
a2f0aa2958039e8ee15f44c8a1cf3f6c0f023bde,Multi-Omics Dissection of the Shared Genetic Architecture Between Sleep Traits and Epilepsy.txt,43888,43980,"duration and epilepsy, 15 independent genetic variants associated with short sleep duration",otential causality. When referring to short sleep ,were used as IVs with F-statistics > 10. According
6a675da18e28cc0cd257fbf42aee01a62686ca04,Multi-Omics Dissection of the Shared Genetic Architecture Between Sleep Traits and Epilepsy.txt,44075,44121,causally associated with epilepsy (Figure 6A).,"rding to the IVW, the short sleep duration is not "," However, epilepsy can increase the risk of short "
5816a85b6f811fc0b6f757c106f5a11f1c4dea3a,Multi-Omics Dissection of the Shared Genetic Architecture Between Sleep Traits and Epilepsy.txt,44295,44342,1 × 10−5) indicated epilepsy was significantly,"he weighted median results (BETA = 0.00054, p = 1.",associated with short sleep duration (Figure 6B). 
c72b45dd26dda2bff859952a6ea737d2133bc9aa,Multi-Omics Dissection of the Shared Genetic Architecture Between Sleep Traits and Epilepsy.txt,44342,44391,associated with short sleep duration (Figure 6B)., 1.1 × 10−5) indicated epilepsy was significantly ," While statistically robust, it is crucial to clar"
5a9ce617ffb26a7c6724db4d47c434c1da02c246,Multi-Omics Dissection of the Shared Genetic Architecture Between Sleep Traits and Epilepsy.txt,44724,44765,associated with epilepsy (IVW: BETA = 30.,"and epilepsy, long sleep duration is not causally ","327, p = 0.868) (Figure 6C), and vice versa (IVW: "
80e16336dc66e8e778c55c96f26b937b16aaf59d,Multi-Omics Dissection of the Shared Genetic Architecture Between Sleep Traits and Epilepsy.txt,44765,44815,"327, p = 0.868) (Figure 6C), and vice versa (IVW:",causally associated with epilepsy (IVW: BETA = 30.,"BETA = −0.0002, p = 0.098) (Figure 6D).  https://d"
09a9a7dcb48c2013c0babfe5f62ddcfc23cacac0,Multi-Omics Dissection of the Shared Genetic Architecture Between Sleep Traits and Epilepsy.txt,44825,44854,"0002, p = 0.098) (Figure 6D).",".868) (Figure 6C), and vice versa (IVW: BETA = −0.",  https://doi.org/10.3390/biology15110892  Biolog
08cc9fddf36a9bdd7cb06f0a52dc6d93c571581b,Multi-Omics Dissection of the Shared Genetic Architecture Between Sleep Traits and Epilepsy.txt,45087,45130,Significant causal liability was uniquely,"C,D) long sleep, and (E,F) insomnia with epilepsy.","observed from epilepsy to short sleep duration, su"
0d1e7974b39d04f5cce597bba04f45813cce03ac,Multi-Omics Dissection of the Shared Genetic Architecture Between Sleep Traits and Epilepsy.txt,45231,45261,significant MR results (p < 0.,gesting a unidirectional polygenic influence. The ,05) are indicated in red.  In addition to short an
0335bf107b3da83e414981a9b02656994c7398c3,Multi-Omics Dissection of the Shared Genetic Architecture Between Sleep Traits and Epilepsy.txt,45231,45286,significant MR results (p < 0.05) are indicated in red.,gesting a unidirectional polygenic influence. The ,"  In addition to short and long sleep durations, t"
74c850b920184f420aa7be55e2d588e23292505a,Multi-Omics Dissection of the Shared Genetic Architecture Between Sleep Traits and Epilepsy.txt,45694,45723,"838, p = 0.762) (Figure 6E),", not increase the risk of epilepsy (IVW: BETA = 2.,"and vice versa (IVW: BETA = 0.0009, p = 0.087) (Fi"
1c551199adffcdc87e7bf8d1d112e2f34175c35d,Multi-Omics Dissection of the Shared Genetic Architecture Between Sleep Traits and Epilepsy.txt,45753,45782,"0009, p = 0.087) (Figure 6F).","0.762) (Figure 6E), and vice versa (IVW: BETA = 0.",  Sensitivity analyses were conducted to verify th
9dd1c88433926b59ee077d73999d64fb144138ac,Multi-Omics Dissection of the Shared Genetic Architecture Between Sleep Traits and Epilepsy.txt,45954,46051,"across all bidirectional analyses (all p > 0.05), suggesting the causal estimates are not biased",sts indicated an absence of horizontal pleiotropy ,"by alternative pathways. Additionally, Cochran’s Q"
d7a2af031a251f13cb6bbdeca8aa4ff3a4419b0b,Multi-Omics Dissection of the Shared Genetic Architecture Between Sleep Traits and Epilepsy.txt,46075,46140,"Additionally, Cochran’s Q tests generally showed no significant", estimates are not biased by alternative pathways.,heterogeneity among the instrumental variables. Fo
99de5b60afd2333dbcc0b2f69f4f2251fe7f25c1,Multi-Omics Dissection of the Shared Genetic Architecture Between Sleep Traits and Epilepsy.txt,46228,46296,tion where significant heterogeneity was present (Cochran’s Q p < 0.,ariables. For analyses involving long sleep dura- ,"05), a random-effects IVW model was applied to acc"
901d28dee6711549332686111645e6d3cd39374d,Multi-Omics Dissection of the Shared Genetic Architecture Between Sleep Traits and Epilepsy.txt,46228,46318,"tion where significant heterogeneity was present (Cochran’s Q p < 0.05), a random-effects",ariables. For analyses involving long sleep dura- ,IVW model was applied to accommodate the variance 
bb8f88d746580fb53401fd3320e222d842acef23,Multi-Omics Dissection of the Shared Genetic Architecture Between Sleep Traits and Epilepsy.txt,46418,46503,"In summary, epilepsy was causally associated with short sleep duration, but not vice",and maintain the stability of the null findings.  ,"versa. Moreover, long sleep duration and insomnia "
f2c96634393afbaa99e99fcdaa10a30a446cd3c2,Multi-Omics Dissection of the Shared Genetic Architecture Between Sleep Traits and Epilepsy.txt,46509,46591,"Moreover, long sleep duration and insomnia were not associated with the develop-","ted with short sleep duration, but not vice versa.",ment of epilepsy. This interpretive gap highlights
83e51443e34035581c6425c695be009a50c137cf,Multi-Omics Dissection of the Shared Genetic Architecture Between Sleep Traits and Epilepsy.txt,49063,49154,"statistical power without sample overlap [28], further identified significant correlations"," LDSC with constrained intercepts, which improves ","between short sleep duration, insomnia, and epilep"
dd6fa5938eedd2f8c5537641dd6f57c528b11625,Multi-Omics Dissection of the Shared Genetic Architecture Between Sleep Traits and Epilepsy.txt,49329,49394,analyses revealed significant correlations in several categories.,enetic correlations within these categories. Both ," Additionally, we examined genetic correlations ac"
58e3eaae2d2c178dc6bace19b1c1cb5ae5868423,Multi-Omics Dissection of the Shared Genetic Architecture Between Sleep Traits and Epilepsy.txt,49511,49567,"GWAS-pw, identifying significant correlations (PPA3 > 0.", disequilibrium-independent genomic regions using ,5) for long sleep duration and  https://doi.org/10
eb6cf6530d77eed19effd629fa7fe70b7b61d1f8,Multi-Omics Dissection of the Shared Genetic Architecture Between Sleep Traits and Epilepsy.txt,49703,49764,"Collectively, these findings provide modest but significant",", 15, 892  19 of 25  epilepsy in multiple regions.",evidence that sleep duration and insomnia share su
c5e34ec61b2fed6b1f3c07293ed10eea3927833d,Multi-Omics Dissection of the Shared Genetic Architecture Between Sleep Traits and Epilepsy.txt,50025,50120,"cross-trait meta-analysis to identify pleiotropic loci associated with these trait pairs, fol-"," relationship further, we conducted a genome-wide ",lowed by functional annotation. This identified ni
5f6da47a2aa34e6926e848908643ee53cbaca618,Multi-Omics Dissection of the Shared Genetic Architecture Between Sleep Traits and Epilepsy.txt,54800,54885,"context, LINC00925, a long non-coding RNA (lncRNA), has been linked to cardiomyocyte",therapeutic biomarkers for epilepsy [67]. In this ,"ferroptosis [62], emerging as a potential genetic "
0e96eb320aa856b4a283299534b124e79283b486,Multi-Omics Dissection of the Shared Genetic Architecture Between Sleep Traits and Epilepsy.txt,56011,56101,linked to epileptogenesis and represent critical targets for neurorepair and regenerative,neurogenesis in the hippocampus are fundamentally ,medicine [71]. Our findings suggest that the share
1a3453637c83e98e30c1cdc2a970bed1a2e9a947,Multi-Omics Dissection of the Shared Genetic Architecture Between Sleep Traits and Epilepsy.txt,56614,56668,"Crucially, the statistically significant MR findings",zes are characteristic of highly polygenic traits.,support a potential causal effect of genetic liabi
4838a2fb2f2eb9175361f34b2359f57f517c3e89,Multi-Omics Dissection of the Shared Genetic Architecture Between Sleep Traits and Epilepsy.txt,57312,57388,"In contrast, long sleep duration is more commonly associated with systemic",ap with mechanisms involved in seizure generation.,"inflammation, metabolic dysregulation, and psychia"
eee7ceb5c85fa21fac185a599e794c1bd5b99bf6,Multi-Omics Dissection of the Shared Genetic Architecture Between Sleep Traits and Epilepsy.txt,58444,58540,The lack of significant local correlations may reflect distinct causal variants within the same,03 genomic regions using only the GWAS-pw method. ,"loci, highlighting the need for validation with ad"
54a8f927af031622e0b02087ec5418a9e0b3950a,Multi-Omics Dissection of the Shared Genetic Architecture Between Sleep Traits and Epilepsy.txt,60076,60162,"meta-analysis and TWAS frameworks, we identified significant genetic correlations and",p traits and epilepsy. By integrating cross-trait ,"specific shared loci. Notably, SPAG7 and VRK2 emer"
9f0aebe15ba1e990d7102456b1367e9f331525b2,Multi-Omics Dissection of the Shared Genetic Architecture Between Sleep Traits and Epilepsy.txt,62301,62399,Independent pleiotropic genomic loci associated with the risk of long sleep duration and epilepsy,"SOC < 5 × 10−8, Psingle-trait < 0.05); Table S10: ","(PCPASSOC < 5 × 10−8, Psingle-trait < 0.05); Table"
c763247abdd0cfeea037d06706e2eb9aebd958f7,Multi-Omics Dissection of the Shared Genetic Architecture Between Sleep Traits and Epilepsy.txt,62985,63076,by Metascape; Table S15: TWAS revealed the significant shared genes between sleep behavior, on annotated genes between insomnia and epilepsy ,and epilepsy traits; Table S16: Candidate therapeu
e3f50a87be95637ac4c4361889564aa7e1ff95b1,Multi-Omics Dissection of the Shared Genetic Architecture Between Sleep Traits and Epilepsy.txt,71731,71830,Genome-wide meta-analysis of insomnia prioritizes genes associated with metabolic and psychiatric," Gelernter, J.; Levey, D.F.; Polimanti, R.; et al.","pathways. Nat. Genet. 2022, 54, 1125–1132. [CrossR"
e6131d699f5ea841a86e18eabdcac89e755f8f48,Multi-Omics Dissection of the Shared Genetic Architecture Between Sleep Traits and Epilepsy.txt,78611,78713,Novel loci associated with usual sleep duration: The CHARGE Consortium Genome-Wide Association Study.,"; Warby, S.C.; Bandinelli, S.; Cherkas, L.; et al."," Mol. Psychiatry 2015, 20, 1232–1239. [CrossRef] ["
16b53acac81f52bc5256fa11385c94423b5ab971,Multi-Omics Dissection of the Shared Genetic Architecture Between Sleep Traits and Epilepsy.txt,81485,81545,The Significant Associations between Epigenetic Clocks and," Chang, W.S.; Xu, Y.; Huang, M.; Bau, D.T.; Gu, J."," Bladder Cancer Risks. Cancers 2024, 16, 2357. [Cr"
654e6026c485dece815f3d80e6076b05e7c99fe7,New research decodes epilepsy in brain waves.txt,742,797,"differences linked to a genetic form of epilepsy, even",owed that their approach can identify subtle EEG  ," when no visible seizures occurred. The findings, "
d0c9b8a6dfec4951bbb94495e7b6753e7eb219c5,Rare epilepsy syndromes- understanding treatment goals and management challenges..txt,1045,1124,there are a number of rare epilepsy syndromes closely associated with learning,g disabilities than in the general population and ,disability. These syndromes are challenging to man
07acdd0c3f5ead6a779ca470b714e69e51001e31,State-Dependent Modulation of Neurotransmitter Systems in Epilepsy- A Mechanistic Framework for Seizure Dynamics and Biomarker Variability.txt,1229,1323,variability and highlights why static biomarkers often fail to predict seizure risk or treat-," I propose in this review, helps explain clinical ",ment response. By linking molecular processes with
dca00fcd9eaf6656bad5ac91b0440f20efc1b671,State-Dependent Modulation of Neurotransmitter Systems in Epilepsy- A Mechanistic Framework for Seizure Dynamics and Biomarker Variability.txt,24456,24540,and impaired clearance mechanisms have all been associated with enhanced excitatory," composition (including NMDA and AMPA receptors), ","drive and seizure propagation [22,30–34]. Importan"
8961544adc89c5e493a4e807f247ae3537ea80bc,State-Dependent Modulation of Neurotransmitter Systems in Epilepsy- A Mechanistic Framework for Seizure Dynamics and Biomarker Variability.txt,25059,25150,"are closely linked to brain states such as arousal, attention, and stress, suggesting that",and seizure susceptibility [35–42]. These systems ,neurotransmitter function cannot be fully understo
a134391079c619aebc74cb5a7d45fa43519fe4af,State-Dependent Modulation of Neurotransmitter Systems in Epilepsy- A Mechanistic Framework for Seizure Dynamics and Biomarker Variability.txt,25615,25704,"gamma frequency range, have been associated with impaired inhibitory control and altered","ions in oscillatory activity, particularly in the ","coordination of neuronal ensembles [8,41–55].  Thi"
a9c6bb59a97414e3d1889b063476b09cee125a42,State-Dependent Modulation of Neurotransmitter Systems in Epilepsy- A Mechanistic Framework for Seizure Dynamics and Biomarker Variability.txt,29391,29481,"closely linked to changes in physiological and pathological brain states, suggesting that",e within the same individual. This variability is ,network excitability is dynamically modulated rath
d0f0742c27cc02143f1a3c0d5eb63ff12a7ffa2f,State-Dependent Modulation of Neurotransmitter Systems in Epilepsy- A Mechanistic Framework for Seizure Dynamics and Biomarker Variability.txt,29653,29730,Different stages of sleep are associated with distinct patterns of neuronal,f seizure susceptibility is the sleep– wake cycle.,synchronization and neurotransmitter activity. Non
73bb122c641eefeebffe5602ce200880d86a3311,State-Dependent Modulation of Neurotransmitter Systems in Epilepsy- A Mechanistic Framework for Seizure Dynamics and Biomarker Variability.txt,29816,29906,characterized by increased neuronal synchrony and has been associated with a higher like-, activity. Non-rapid eye movement (NREM) sleep is ,lihood of seizure occurrence in certain epilepsy s
770ea16125f76dd54df9af87872a8861392ffbb3,State-Dependent Modulation of Neurotransmitter Systems in Epilepsy- A Mechanistic Framework for Seizure Dynamics and Biomarker Variability.txt,37337,37400,Prolonged seizures are associated with a progressive shift in,Aergic inhibition during sustained ictal activity.,"chloride homeostasis, driven by activity-dependent"
acdc8997f82ee5cff4d770afe53145c073edac42,State-Dependent Modulation of Neurotransmitter Systems in Epilepsy- A Mechanistic Framework for Seizure Dynamics and Biomarker Variability.txt,37915,37998,"sleep deprivation have each been associated with KCC2 dysfunction, suggesting that","iology15110850  Biology 2026, 15, 850  12 of 22  ",susceptibility to inhibitory failure during seizur
6dba93abb32e5f964c57be57de4d71dbb1a1ffcb,State-Dependent Modulation of Neurotransmitter Systems in Epilepsy- A Mechanistic Framework for Seizure Dynamics and Biomarker Variability.txt,59805,59895,"Second, intra-individual changes in seizure susceptibility should correlate more strongly",hose recorded during wakeful baseline conditions. ,"with longitudinal state variables, such as sleep q"
a6fb6cf6e370bac07b7e426af8cd2794c6a8c35e,State-Dependent Modulation of Neurotransmitter Systems in Epilepsy- A Mechanistic Framework for Seizure Dynamics and Biomarker Variability.txt,69751,69815,Glutamatergic Mechanisms Associated with Seizures and Epilepsy.,"12. [CrossRef] 23. Barker-Haliski, M.; White, H.S."," Cold Spring Harb. Perspect.  Med. 2015, 5, a02286"
623c44e281e00e320bc73c13ee70fe26d2542cb4,State-Dependent Modulation of Neurotransmitter Systems in Epilepsy- A Mechanistic Framework for Seizure Dynamics and Biomarker Variability.txt,86126,86196,Individual brain structure and modelling predict seizure propagation.,". Proix, T.; Bartolomei, F.; Guye, M.; Jirsa, V.K."," Brain 2017,  140, 641–654. [CrossRef]  120. Alper"
7c6b2de57db1b538cc0b5d44063375201e0262ea,Versioned Longitudinal Epilepsy Phenotype System- A Theoretical Framework for Dynamic Disease Representation and Prediction.txt,3916,3965,contributes significantly to phenotype diversity,ic variation beyond primary pathogenic variants   , • Age-dependent expression of symptoms results in
8d86d536349cf8c7df5284f66807597694ae3612,Versioned Longitudinal Epilepsy Phenotype System- A Theoretical Framework for Dynamic Disease Representation and Prediction.txt,7406,7470,cavernous malformations) are causally associated with epilepsy,"plasia, temporal lobe sclerosis, polymicrogyria,  ","risk, and their visibility and characterization ma"
44e7ac5cc1f5abc4d2854678a1e6d4473f4d661e,Versioned Longitudinal Epilepsy Phenotype System- A Theoretical Framework for Dynamic Disease Representation and Prediction.txt,8921,8989,• Seizure frequency at baseline: Higher seizure frequency predicts,nd  medication is the strongest predictor of DRE  , pharmacoresistance  • Neuroimaging findings: MRI 
01d9ea2b55f7a1387eea59a08a88f5efe73cffc0,Versioned Longitudinal Epilepsy Phenotype System- A Theoretical Framework for Dynamic Disease Representation and Prediction.txt,9068,9097,significant predictor of DRE,maging findings: MRI abnormalities are the most   , • Syndrome type: DRE prevalence varies substantia
2fc99f32e931766f202acd2af150d27c1ca11425,Versioned Longitudinal Epilepsy Phenotype System- A Theoretical Framework for Dynamic Disease Representation and Prediction.txt,17868,17886,Most significant, literature  Higher frequency →  higher DRE risk  ,neuroimaging  predictor  Syndrome-dependent   prev
cff1ea83bdbfc8bba7535288775dcd665c20a4d0,Versioned Longitudinal Epilepsy Phenotype System- A Theoretical Framework for Dynamic Disease Representation and Prediction.txt,18658,18676,Most significant,3  X 3  X 4 X 4  X 5 X 5  X 6 X 6  P ( DRE ) = 1  , neuroimaging  predictor  Syndrome-dependent  prev
ded41bb09266f22821eb0e8ab180aff4dd85d094,Versioned Longitudinal Epilepsy Phenotype System- A Theoretical Framework for Dynamic Disease Representation and Prediction.txt,31840,31905,"treatment phenotypes that reliably predict medication response,",ent response heterogeneity: Can we identify pre-  ,enabling personalized first-line ASM selection?  5
a00dcb5eaaf0e8cd5976789fcc2814264397b0fe,epilepsy Research Institute Partner Symposium- Radically advancing research into epilepsy.txt,2050,2115,This increase in protein was associated with decreased duration,epsies was a key theme throughout the symposium.  ,of seizure-like events in brain slices and a decre
a5f07bef9f0ec385752d25d0fb6bd51c67d19476,epilepsy Research Institute Partner Symposium- Radically advancing research into epilepsy.txt,9409,9447,A significant point was also raised,ession  due  to  the  lack of direct gene editing.,here  that  is  applicable  to  all  epilepsy  res
f40cd6321ba1ee1b21ddeb9c3fd68ec304641325,epilepsy phenotype algorithm first draft as rtf file.txt,25980,26129,\outl0\strokewidth0 \strokec2 Additional genomic variation beyond primary pathogenic variants contributes significantly to phenotype diversity\cb1 \,{\listtext \uc0\u8226  }\expnd0\expndtw0\kerning0 ,\ls4\ilvl0\cb3 \kerning1\expnd0\expndtw0 \outl0\st
75e33e78363fb7a511ddde4f3ece1fcd0e0664b1,epilepsy phenotype algorithm first draft as rtf file.txt,53648,53933,"\f2\b0 \'a0Neuroimaging-identified lesions (focal cortical dysplasia, temporal lobe sclerosis, polymicrogyria, cavernous malformations) are causally associated with epilepsy risk, and their visibility and characterization may improve with advanced imaging techniques across time\cb1 \",tl0\strokewidth0 \strokec2 Structural phenotypes: ,\ls8\ilvl0 \f1\b \cb3 \kerning1\expnd0\expndtw0 \o
81f830611537c921fdf66944d266c7efb833ba4b,epilepsy phenotype algorithm first draft as rtf file.txt,57712,57782,\f2\b0 \'a0Higher seizure frequency predicts pharmacoresistance\cb1 \,kewidth0 \strokec2 Seizure frequency at baseline: ,\ls10\ilvl0 \f1\b \cb3 \kerning1\expnd0\expndtw0 \
d4c2816133ac1aa0ba98d57225338e1cb259a8cb,epilepsy phenotype algorithm first draft as rtf file.txt,57954,58031,\f2\b0 \'a0MRI abnormalities are the most significant predictor of DRE\cb1 \,tl0\strokewidth0 \strokec2 Neuroimaging findings: ,\ls10\ilvl0 \f1\b \cb3 \kerning1\expnd0\expndtw0 \
db8c90000992a4a81154d47d7f8c42cc62938770,epilepsy phenotype algorithm first draft as rtf file.txt,234175,234245,\cf2 \cb3 Most significant neuroimaging predictor\cf0 \cb1 \cell \row, \pard\intbl\itap1\pardeftab720\partightenfactor0 ,\itap1\trowd \taflags0 \trgaph108\trleft-108 \trbr
68b4ae3eb604c0e169c2ee8c4ad5744d2f7d127b,epilepsy phenotype algorithm first draft as rtf file.txt,346880,347029,"\f2\b0 \'a0Can we identify pre-treatment phenotypes that reliably predict medication response, enabling personalized first-line ASM selection?\cb1 \",idth0 \strokec2 Treatment response heterogeneity: ,\ls42\ilvl0 \f1\b \cb3 \kerning1\expnd0\expndtw0 \
b1a2f097bc89d074eb39538699234775178a3741,epilepsy phenotype overview.txt,50431,50536,"\f1\b0 , store the best-supported current assertion linked to all evidence; retain older interpretations.",nflict is about\'a0 \f2\b clinical interpretation ,\ \ls7\ilvl0\kerning1\expnd0\expndtw0 \outl0\strok
fac686f5fc0eeb294940c463251b84c4cbe50c40,practical guide to the updated seizure classification 2025.txt,5606,5671,the	 underlying	 etiology	 can	 significantly	 influence	 later,"ded	across	all	seizure	classes.	However,	because	 ","management,	 the	 updated	 classification	 include"
2f006b3cfe0f29b27f5f74b2867c18ddf83783a9,practical guide to the updated seizure classification 2025.txt,6246,6306,"EEG,	neuroimaging,	and	laboratory	tests)	can	significantly",sights	from	paraclinical	investigations	(such	as	 ,"influence	the	classification.	Because	of	this,	sei"
b63d1b43135900b77c17bd674b57d43a300d5b8f,practical guide to the updated seizure classification 2025.txt,11992,12120,bilateral tonic-clonic seizures—associated with the highest morbidity and mortality—can occur in all three main seizure classes., yellow background in the ﬁgures highlights that  ,  F I G U R E   1   Basic	version	of	the	ILAE	seiz
24c4d819fd2d010f44032c53a5f3fcf2714db740,practical guide to the updated seizure classification 2025.txt,14660,14718,most	significant	risk	factor	for	sudden	unexpected	death,t	risk	of	injury	and	mortality	and	represent	the	 ,"in	epilepsy	(SUDEP).18,19  The	third	category,	oth"
0bd13199139b4376a62018dc553e9bc0fa99f5e0,practical guide to the updated seizure classification 2025.txt,16138,16202,priate	 response	 or	 a	 significantly	 delayed	 reaction	 com-,veness	is	defined	as	either	an	absent	or	inappro- ,pared	 to	 the	 patient's	 baseline	 (interictal)	
b029226d04d18afc1b664ab29842fb2a6fcd8ea2,practical guide to the updated seizure classification 2025.txt,25546,25674,bilateral tonic-clonic seizures—associated with the highest morbidity and mortality—can occur in all three main seizure classes., yellow background in the ﬁgures highlights that  ,  F I G U R E   2   Expanded	(advanced)	version	of
549b19f5be62ddb4de485ec6ee4f7697c595882f,practical guide to the updated seizure classification 2025.txt,33983,34040,with	valproate	but	significantly	decreased	within	weeks,ndrome.	 Seizures	 persisted	 despite	 treatment	 ,"of	starting	a	ketogenic	diet,	which	also	led	to	im"
b3abc02b57b279d885a7747a0ea00dcc0051156a,practical guide to the updated seizure classification 2025.txt,37799,37929,"brief	(<1	s)	or	transient	interruptions	in	the	ictal	rhythm,	or	waveforms	of	different	frequency	or	morphology	are	significantly","lepsy	(JAE).	Disorganized	discharges,	defined	by	 ",less	common	in	CAE	than	in	JAE.	The	seizures	are	t
fdf8abf73a0d99f4b5744026bb2f8c6a142539a5,practical guide to the updated seizure classification 2025.txt,43617,43705,The	typical	ictal	EEG	correlate	is	bilateral-	 synchronous	(“generalized”)	polyspike-,"lex,	triggered 	 by	photic	stimulation,	or	praxis.",and-	wave	discharges	(or	spike-	and-	wave	discharg
4936a6c078a312be8583dada57a13d02f13b2b28,practical guide to the updated seizure classification 2025.txt,45293,45365,The	EEG	correlate	is	a	spike–wave	or	a	low-	amplitude	sharp-	transient.,"ntary	muscle	activation,	such	as	lifting	the	arms.",	 The	onset	of	the	EMG	silent-	period	is	related	t
5314e0f64046a3320180b3082453466c55193af3,practical guide to the updated seizure classification 2025.txt,46502,46629,"EEG	correlate	is	characterized	by	a	high-	amplitude,	generalized,	sharp	or	slow	wave	that	is	followed	by	low	amplitude,	fast",	clusters	may	last	30	 min	or	longer).	The	ictal	 ,"activity,	or	a	brief,	diffuse	electrodecrement.	Su"
